{"assets/icons/Liveasy.png":["assets/icons/Liveasy.png"],"assets/icons/TruckIcon.png":["assets/icons/TruckIcon.png"],"assets/icons/accountIconFilled.png":["assets/icons/accountIconFilled.png"],"assets/icons/addFromPhoneBookIcon.png":["assets/icons/addFromPhoneBookIcon.png"],"assets/icons/addNewDriverIcon.png":["assets/icons/addNewDriverIcon.png"],"assets/icons/blueCircle.png":["assets/icons/blueCircle.png"],"assets/icons/bonusIcon.png":["assets/icons/bonusIcon.png"],"assets/icons/buildingIcon.png":["assets/icons/buildingIcon.png"],"assets/icons/buildingIconBlack.png":["assets/icons/buildingIconBlack.png"],"assets/icons/buyGpsIcon.png":["assets/icons/buyGpsIcon.png"],"assets/icons/callButtonIcon.png":["assets/icons/callButtonIcon.png"],"assets/icons/callIcon.png":["assets/icons/callIcon.png"],"assets/icons/circleIcon.png":["assets/icons/circleIcon.png"],"assets/icons/creditCard.png":["assets/icons/creditCard.png"],"assets/icons/defaultAccountIcon.png":["assets/icons/defaultAccountIcon.png"],"assets/icons/driverHandle.png":["assets/icons/driverHandle.png"],"assets/icons/dropDownButtonIcon.png":["assets/icons/dropDownButtonIcon.png"],"assets/icons/errorIcon.png":["assets/icons/errorIcon.png"],"assets/icons/filterIcon.png":["assets/icons/filterIcon.png"],"assets/icons/gps.png":["assets/icons/gps.png"],"assets/icons/greenFilledCircleIcon.png":["assets/icons/greenFilledCircleIcon.png"],"assets/icons/helpIcon.png":["assets/icons/helpIcon.png"],"assets/icons/homeIcon.png":["assets/icons/homeIcon.png","assets/icons/navigationIcons/homeIcon.png"],"assets/icons/languageIcon.png":["assets/icons/languageIcon.png"],"assets/icons/leftyellowtruckicon.png":["assets/icons/leftyellowtruckicon.png"],"assets/icons/liveasyicon.png":["assets/icons/liveasyicon.png"],"assets/icons/locationIcon.png":["assets/icons/locationIcon.png"],"assets/icons/lockIcon.png":["assets/icons/lockIcon.png"],"assets/icons/logoutIcon.png":["assets/icons/logoutIcon.png"],"assets/icons/navigationIcons/accountIcon.png":["assets/icons/navigationIcons/accountIcon.png"],"assets/icons/navigationIcons/activeAccountIcon.png":["assets/icons/navigationIcons/activeAccountIcon.png"],"assets/icons/navigationIcons/activeHomeIcon.png":["assets/icons/navigationIcons/activeHomeIcon.png"],"assets/icons/navigationIcons/activeMyTrucksIcon.png":["assets/icons/navigationIcons/activeMyTrucksIcon.png"],"assets/icons/navigationIcons/activeOrdersIcon.png":["assets/icons/navigationIcons/activeOrdersIcon.png"],"assets/icons/navigationIcons/activePostLoadIcon.png":["assets/icons/navigationIcons/activePostLoadIcon.png"],"assets/icons/navigationIcons/homeIcon.png":["assets/icons/navigationIcons/homeIcon.png"],"assets/icons/navigationIcons/myTrucksIcon.png":["assets/icons/navigationIcons/myTrucksIcon.png"],"assets/icons/navigationIcons/ordersIcon.png":["assets/icons/navigationIcons/ordersIcon.png"],"assets/icons/navigationIcons/postLoadIcon.png":["assets/icons/navigationIcons/postLoadIcon.png"],"assets/icons/ordersIcon.png":["assets/icons/ordersIcon.png","assets/icons/navigationIcons/ordersIcon.png"],"assets/icons/pendingIcon.png":["assets/icons/pendingIcon.png"],"assets/icons/person.png":["assets/icons/person.png"],"assets/icons/rectangleIcon.png":["assets/icons/rectangleIcon.png"],"assets/icons/redSemiFilledCircleIcon.png":["assets/icons/redSemiFilledCircleIcon.png"],"assets/icons/referAndEarnIcon.png":["assets/icons/referAndEarnIcon.png"],"assets/icons/rightyellowtruckicon.png":["assets/icons/rightyellowtruckicon.png"],"assets/icons/selectedIcon.png":["assets/icons/selectedIcon.png"],"assets/icons/shareIcon.png":["assets/icons/shareIcon.png"],"assets/icons/tick.png":["assets/icons/tick.png"],"assets/icons/tickIcon.png":["assets/icons/tickIcon.png"],"assets/icons/verifiedButtonIcon.png":["assets/icons/verifiedButtonIcon.png"],"assets/icons/welcomeIcon.png":["assets/icons/welcomeIcon.png"],"assets/images/EmptyLoad.png":["assets/images/EmptyLoad.png"],"assets/images/TruckListEmptyImage.png":["assets/images/TruckListEmptyImage.png"],"assets/images/alert.png":["assets/images/alert.png"],"assets/images/bonusBackgroundImage.png":["assets/images/bonusBackgroundImage.png"],"assets/images/buyGpsBackgroundImage.png":["assets/images/buyGpsBackgroundImage.png"],"assets/images/defaultDriverImage.png":["assets/images/defaultDriverImage.png"],"assets/images/humanIcon.png":["assets/images/humanIcon.png"],"assets/images/humanIcon3x.png":["assets/images/humanIcon3x.png"],"assets/images/indianFlag.png":["assets/images/indianFlag.png"],"assets/images/liveasyTruck.png":["assets/images/liveasyTruck.png"],"assets/images/loadBox.png":["assets/images/loadBox.png"],"assets/images/loadBoxImage.png":["assets/images/loadBoxImage.png"],"assets/images/logoSplashScreen.png":["assets/images/logoSplashScreen.png"],"assets/images/onGoingShimmer.png":["assets/images/onGoingShimmer.png"],"assets/images/overviewtataultra.png":["assets/images/overviewtataultra.png"],"assets/images/referAndEarnBackgroundImage.png":["assets/images/referAndEarnBackgroundImage.png"],"assets/images/successful.png":["assets/images/successful.png"],"assets/images/tagLine.png":["assets/images/tagLine.png"],"assets/images/truck.png":["assets/images/truck.png"],"assets/images/truckAsMarker.png":["assets/images/truckAsMarker.png"],"assets/images/truckAsMarker3x.png":["assets/images/truckAsMarker3x.png"],"assets/images/truckImageWithGreenBackground.png":["assets/images/truckImageWithGreenBackground.png"],"assets/images/updateavailable.gif":["assets/images/updateavailable.gif"],"assets/images/whatsAppImageBackground.png":["assets/images/whatsAppImageBackground.png"],"fonts/Montserrat-Regular.ttf":["fonts/Montserrat-Regular.ttf"],"fonts/Roboto-Regular.ttf":["fonts/Roboto-Regular.ttf"],"packages/cupertino_icons/assets/CupertinoIcons.ttf":["packages/cupertino_icons/assets/CupertinoIcons.ttf"]}